♥3,♠8,♦J,♥6,♥7
♥3,♠8,♦J,♥6,♥4
♥3,♠8,♦J,♥6,♥Q
♥3,♠8,♦J,♥6,♠K
♥3,♠8,♦J,♥6,♦7
♥3,♠8,♦J,♥6,♦K
♥3,♠8,♦J,♥7,♥4
♥3,♠8,♦J,♥7,♥Q
♥3,♠8,♦J,♥7,♠K
♥3,♠8,♦J,♥7,♦7
♥3,♠8,♦J,♥7,♦K
♥3,♠8,♦J,♥4,♥Q
♥3,♠8,♦J,♥4,♠K
♥3,♠8,♦J,♥4,♦7
♥3,♠8,♦J,♥4,♦K
♥3,♠8,♦J,♥Q,♠K
♥3,♠8,♦J,♥Q,♦7
♥3,♠8,♦J,♥Q,♦K
♥3,♠8,♦J,♠K,♦7
♥3,♠8,♦J,♠K,♦K
♥3,♠8,♦J,♦7,♦K
♥3,♠8,♥6,♥7,♥4
♥3,♠8,♥6,♥7,♥Q
♥3,♠8,♥6,♥7,♠K
♥3,♠8,♥6,♥7,♦7
♥3,♠8,♥6,♥7,♦K
♥3,♠8,♥6,♥4,♥Q
♥3,♠8,♥6,♥4,♠K
♥3,♠8,♥6,♥4,♦7
♥3,♠8,♥6,♥4,♦K
♥3,♠8,♥6,♥Q,♠K
♥3,♠8,♥6,♥Q,♦7
♥3,♠8,♥6,♥Q,♦K
♥3,♠8,♥6,♠K,♦7
♥3,♠8,♥6,♠K,♦K
♥3,♠8,♥6,♦7,♦K
♥3,♠8,♥7,♥4,♥Q
♥3,♠8,♥7,♥4,♠K
♥3,♠8,♥7,♥4,♦7
♥3,♠8,♥7,♥4,♦K
♥3,♠8,♥7,♥Q,♠K
♥3,♠8,♥7,♥Q,♦7
♥3,♠8,♥7,♥Q,♦K
♥3,♠8,♥7,♠K,♦7
♥3,♠8,♥7,♠K,♦K
♥3,♠8,♥7,♦7,♦K
♥3,♠8,♥4,♥Q,♠K
♥3,♠8,♥4,♥Q,♦7
♥3,♠8,♥4,♥Q,♦K
♥3,♠8,♥4,♠K,♦7
♥3,♠8,♥4,♠K,♦K
♥3,♠8,♥4,♦7,♦K
♥3,♠8,♥Q,♠K,♦7
♥3,♠8,♥Q,♠K,♦K
♥3,♠8,♥Q,♦7,♦K
♥3,♠8,♠K,♦7,♦K
♥3,♦J,♥6,♥7,♥4
♥3,♦J,♥6,♥7,♥Q
♥3,♦J,♥6,♥7,♠K
♥3,♦J,♥6,♥7,♦7
♥3,♦J,♥6,♥7,♦K
♥3,♦J,♥6,♥4,♥Q
♥3,♦J,♥6,♥4,♠K
♥3,♦J,♥6,♥4,♦7
♥3,♦J,♥6,♥4,♦K
♥3,♦J,♥6,♥Q,♠K
♥3,♦J,♥6,♥Q,♦7
♥3,♦J,♥6,♥Q,♦K
♥3,♦J,♥6,♠K,♦7
♥3,♦J,♥6,♠K,♦K
♥3,♦J,♥6,♦7,♦K
♥3,♦J,♥7,♥4,♥Q
♥3,♦J,♥7,♥4,♠K
♥3,♦J,♥7,♥4,♦7
♥3,♦J,♥7,♥4,♦K
♥3,♦J,♥7,♥Q,♠K
♥3,♦J,♥7,♥Q,♦7
♥3,♦J,♥7,♥Q,♦K
♥3,♦J,♥7,♠K,♦7
♥3,♦J,♥7,♠K,♦K
♥3,♦J,♥7,♦7,♦K
♥3,♦J,♥4,♥Q,♠K
♥3,♦J,♥4,♥Q,♦7
♥3,♦J,♥4,♥Q,♦K
♥3,♦J,♥4,♠K,♦7
♥3,♦J,♥4,♠K,♦K
♥3,♦J,♥4,♦7,♦K
♥3,♦J,♥Q,♠K,♦7
♥3,♦J,♥Q,♠K,♦K
♥3,♦J,♥Q,♦7,♦K
♥3,♦J,♠K,♦7,♦K
♥3,♥6,♥7,♥4,♥Q
♥3,♥6,♥7,♥4,♠K
♥3,♥6,♥7,♥4,♦7
♥3,♥6,♥7,♥4,♦K
♥3,♥6,♥7,♥Q,♠K
♥3,♥6,♥7,♥Q,♦7
♥3,♥6,♥7,♥Q,♦K
♥3,♥6,♥7,♠K,♦7
♥3,♥6,♥7,♠K,♦K
♥3,♥6,♥7,♦7,♦K
♥3,♥6,♥4,♥Q,♠K
♥3,♥6,♥4,♥Q,♦7
♥3,♥6,♥4,♥Q,♦K
♥3,♥6,♥4,♠K,♦7
♥3,♥6,♥4,♠K,♦K
♥3,♥6,♥4,♦7,♦K
♥3,♥6,♥Q,♠K,♦7
♥3,♥6,♥Q,♠K,♦K
♥3,♥6,♥Q,♦7,♦K
♥3,♥6,♠K,♦7,♦K
♥3,♥7,♥4,♥Q,♠K
♥3,♥7,♥4,♥Q,♦7
♥3,♥7,♥4,♥Q,♦K
♥3,♥7,♥4,♠K,♦7
♥3,♥7,♥4,♠K,♦K
♥3,♥7,♥4,♦7,♦K
♥3,♥7,♥Q,♠K,♦7
♥3,♥7,♥Q,♠K,♦K
♥3,♥7,♥Q,♦7,♦K
♥3,♥7,♠K,♦7,♦K
♥3,♥4,♥Q,♠K,♦7
♥3,♥4,♥Q,♠K,♦K
♥3,♥4,♥Q,♦7,♦K
♥3,♥4,♠K,♦7,♦K
♥3,♥Q,♠K,♦7,♦K
♠8,♦J,♥6,♥7,♥4
♠8,♦J,♥6,♥7,♥Q
♠8,♦J,♥6,♥7,♠K
♠8,♦J,♥6,♥7,♦7
♠8,♦J,♥6,♥7,♦K
♠8,♦J,♥6,♥4,♥Q
♠8,♦J,♥6,♥4,♠K
♠8,♦J,♥6,♥4,♦7
♠8,♦J,♥6,♥4,♦K
♠8,♦J,♥6,♥Q,♠K
♠8,♦J,♥6,♥Q,♦7
♠8,♦J,♥6,♥Q,♦K
♠8,♦J,♥6,♠K,♦7
♠8,♦J,♥6,♠K,♦K
♠8,♦J,♥6,♦7,♦K
♠8,♦J,♥7,♥4,♥Q
♠8,♦J,♥7,♥4,♠K
♠8,♦J,♥7,♥4,♦7
♠8,♦J,♥7,♥4,♦K
♠8,♦J,♥7,♥Q,♠K
♠8,♦J,♥7,♥Q,♦7
♠8,♦J,♥7,♥Q,♦K
♠8,♦J,♥7,♠K,♦7
♠8,♦J,♥7,♠K,♦K
♠8,♦J,♥7,♦7,♦K
♠8,♦J,♥4,♥Q,♠K
♠8,♦J,♥4,♥Q,♦7
♠8,♦J,♥4,♥Q,♦K
♠8,♦J,♥4,♠K,♦7
♠8,♦J,♥4,♠K,♦K
♠8,♦J,♥4,♦7,♦K
♠8,♦J,♥Q,♠K,♦7
♠8,♦J,♥Q,♠K,♦K
♠8,♦J,♥Q,♦7,♦K
♠8,♦J,♠K,♦7,♦K
♠8,♥6,♥7,♥4,♥Q
♠8,♥6,♥7,♥4,♠K
♠8,♥6,♥7,♥4,♦7
♠8,♥6,♥7,♥4,♦K
♠8,♥6,♥7,♥Q,♠K
♠8,♥6,♥7,♥Q,♦7
♠8,♥6,♥7,♥Q,♦K
♠8,♥6,♥7,♠K,♦7
♠8,♥6,♥7,♠K,♦K
♠8,♥6,♥7,♦7,♦K
♠8,♥6,♥4,♥Q,♠K
♠8,♥6,♥4,♥Q,♦7
♠8,♥6,♥4,♥Q,♦K
♠8,♥6,♥4,♠K,♦7
♠8,♥6,♥4,♠K,♦K
♠8,♥6,♥4,♦7,♦K
♠8,♥6,♥Q,♠K,♦7
♠8,♥6,♥Q,♠K,♦K
♠8,♥6,♥Q,♦7,♦K
♠8,♥6,♠K,♦7,♦K
♠8,♥7,♥4,♥Q,♠K
♠8,♥7,♥4,♥Q,♦7
♠8,♥7,♥4,♥Q,♦K
♠8,♥7,♥4,♠K,♦7
♠8,♥7,♥4,♠K,♦K
♠8,♥7,♥4,♦7,♦K
♠8,♥7,♥Q,♠K,♦7
♠8,♥7,♥Q,♠K,♦K
♠8,♥7,♥Q,♦7,♦K
♠8,♥7,♠K,♦7,♦K
♠8,♥4,♥Q,♠K,♦7
♠8,♥4,♥Q,♠K,♦K
♠8,♥4,♥Q,♦7,♦K
♠8,♥4,♠K,♦7,♦K
♠8,♥Q,♠K,♦7,♦K
♦J,♥6,♥7,♥4,♥Q
♦J,♥6,♥7,♥4,♠K
♦J,♥6,♥7,♥4,♦7
♦J,♥6,♥7,♥4,♦K
♦J,♥6,♥7,♥Q,♠K
♦J,♥6,♥7,♥Q,♦7
♦J,♥6,♥7,♥Q,♦K
♦J,♥6,♥7,♠K,♦7
♦J,♥6,♥7,♠K,♦K
♦J,♥6,♥7,♦7,♦K
♦J,♥6,♥4,♥Q,♠K
♦J,♥6,♥4,♥Q,♦7
♦J,♥6,♥4,♥Q,♦K
♦J,♥6,♥4,♠K,♦7
♦J,♥6,♥4,♠K,♦K
♦J,♥6,♥4,♦7,♦K
♦J,♥6,♥Q,♠K,♦7
♦J,♥6,♥Q,♠K,♦K
♦J,♥6,♥Q,♦7,♦K
♦J,♥6,♠K,♦7,♦K
♦J,♥7,♥4,♥Q,♠K
♦J,♥7,♥4,♥Q,♦7
♦J,♥7,♥4,♥Q,♦K
♦J,♥7,♥4,♠K,♦7
♦J,♥7,♥4,♠K,♦K
♦J,♥7,♥4,♦7,♦K
♦J,♥7,♥Q,♠K,♦7
♦J,♥7,♥Q,♠K,♦K
♦J,♥7,♥Q,♦7,♦K
♦J,♥7,♠K,♦7,♦K
♦J,♥4,♥Q,♠K,♦7
♦J,♥4,♥Q,♠K,♦K
♦J,♥4,♥Q,♦7,♦K
♦J,♥4,♠K,♦7,♦K
♦J,♥Q,♠K,♦7,♦K
♥6,♥7,♥4,♥Q,♠K
♥6,♥7,♥4,♥Q,♦7
♥6,♥7,♥4,♥Q,♦K
♥6,♥7,♥4,♠K,♦7
♥6,♥7,♥4,♠K,♦K
♥6,♥7,♥4,♦7,♦K
♥6,♥7,♥Q,♠K,♦7
♥6,♥7,♥Q,♠K,♦K
♥6,♥7,♥Q,♦7,♦K
♥6,♥7,♠K,♦7,♦K
♥6,♥4,♥Q,♠K,♦7
♥6,♥4,♥Q,♠K,♦K
♥6,♥4,♥Q,♦7,♦K
♥6,♥4,♠K,♦7,♦K
♥6,♥Q,♠K,♦7,♦K
♥7,♥4,♥Q,♠K,♦7
♥7,♥4,♥Q,♠K,♦K
♥7,♥4,♥Q,♦7,♦K
♥7,♥4,♠K,♦7,♦K
♥7,♥Q,♠K,♦7,♦K
♥4,♥Q,♠K,♦7,♦K
